part,tag,seed,P,M,sigma_bins,sigma_x,L,rmse_total,rmse_particle,l2_total,rmse_phi,rmse_phi_x,rmse_ratio,clip,min_phi,endpoint_residual
A,P100,42,100,400,12.0,0.12030075187969924,4.0,0.24001228085514675,0.20222582485468368,0.4806257198190066,0.043041265016473554,0.11030057642635259,0.20222582485468368,0,0.3743759339710011,4.440892098500626e-16
A,P100,43,100,400,12.0,0.12030075187969924,4.0,0.2500891964074047,0.24670510326921183,0.5008047905465678,0.061409210753112155,0.1448334482500887,0.24670510326921183,0,0.33042435962267624,2.220446049250313e-16
A,P100,44,100,400,12.0,0.12030075187969924,4.0,0.2303597041760397,0.20639871056620146,0.46129638967817144,0.03984184043919612,0.10980749298476064,0.20639871056620146,0,0.3235553033189569,4.440892098500626e-16
A,P100,45,100,400,12.0,0.12030075187969924,4.0,0.28909278309507,0.25770972085656624,0.5789096560996597,0.05650552830527913,0.1800694804063313,0.25770972085656624,0,0.35815115186282076,1.1102230246251565e-16
A,P100,46,100,400,12.0,0.12030075187969924,4.0,0.30773164185357643,0.2698609329458802,0.6162340583156384,0.04237845675074982,0.1478093574967658,0.2698609329458802,0,0.31907807842924507,1.1102230246251565e-16
A,P100,47,100,400,12.0,0.12030075187969924,4.0,0.25663411426962546,0.19138794841154347,0.5139110193090228,0.03004541754330285,0.1153848946892873,0.19138794841154347,0,0.3449057113086964,2.220446049250313e-16
A,P100,48,100,400,12.0,0.12030075187969924,4.0,0.22870784241603748,0.12760957467973563,0.45798852874449814,0.02288940909906541,0.06965984129045248,0.12760957467973563,0,0.3661240779315871,2.220446049250313e-16
A,P100,49,100,400,12.0,0.12030075187969924,4.0,0.30759165579735004,0.23126776457408288,0.6159537355804905,0.030295274062695113,0.10703489730165022,0.23126776457408288,0,0.328218648817716,4.440892098500626e-16
A,P100,50,100,400,12.0,0.12030075187969924,4.0,0.2674860142577022,0.21099343670202916,0.5356420000096356,0.028639046911612336,0.11718534966099335,0.21099343670202916,0,0.33722502721615344,7.771561172376096e-16
A,P100,51,100,400,12.0,0.12030075187969924,4.0,0.28894466902948396,0.22986508576646258,0.5786130569875895,0.04406940315065037,0.1268165369653522,0.22986508576646258,0,0.3819622278579864,5.551115123125783e-16
A,P100,52,100,400,12.0,0.12030075187969924,4.0,0.3239952177535399,0.24197271689352803,0.6488019454499996,0.0716108407301263,0.12661898783564368,0.24197271689352803,0,0.3800204437698792,4.440892098500626e-16
A,P100,53,100,400,12.0,0.12030075187969924,4.0,0.3421476940382629,0.22139891967064362,0.6851523644775489,0.06979897827158943,0.1614519371216005,0.22139891967064362,0,0.3444392398920515,0.0
A,P100,54,100,400,12.0,0.12030075187969924,4.0,0.27649379611455316,0.2591454333670194,0.5536801254901166,0.054606884885905385,0.1655617084429809,0.2591454333670194,0,0.3442800565361994,1.1102230246251565e-15
A,P100,55,100,400,12.0,0.12030075187969924,4.0,0.41415482340933596,0.32429485316021384,0.8293469792812779,0.07457972552910472,0.1791368343788101,0.32429485316021384,0,0.2960680737055219,5.551115123125783e-16
A,P100,56,100,400,12.0,0.12030075187969924,4.0,0.2186877387499273,0.16795386662779696,0.4379232240858094,0.0245401633339754,0.0871272033767245,0.16795386662779696,0,0.3291165068423286,4.440892098500626e-16
A,P100,57,100,400,12.0,0.12030075187969924,4.0,0.28894909041350564,0.21349839382538027,0.5786219108298614,0.029033368449172422,0.11455404458511352,0.21349839382538027,0,0.31568349238867754,0.0
A,P100,58,100,400,12.0,0.12030075187969924,4.0,0.22922731486093414,0.18757930878703094,0.45902877475551485,0.030163851286723192,0.11733543715288192,0.18757930878703094,0,0.3436461935294661,6.661338147750939e-16
A,P100,59,100,400,12.0,0.12030075187969924,4.0,0.32979717990266105,0.24831003350610487,0.6604204019070963,0.04471298694308129,0.15290282662699284,0.24831003350610487,0,0.3990073397836347,6.661338147750939e-16
A,P100,60,100,400,12.0,0.12030075187969924,4.0,0.3126639630434031,0.24014136215832002,0.6261110546667946,0.036142659516757096,0.13240317143177158,0.24014136215832002,0,0.39014785767748306,2.220446049250313e-16
A,P100,61,100,400,12.0,0.12030075187969924,4.0,0.2821841181204983,0.20315870603849034,0.5650750220360976,0.03144608542189593,0.11758415994331202,0.20315870603849034,0,0.3189968301527717,0.0
A,P200,42,200,400,12.0,0.12030075187969924,4.0,0.20233139936835906,0.11124951859908086,0.4051695776437981,0.023984839583997802,0.06567860822409348,0.11124951859908086,0,0.31970437474983215,5.551115123125783e-16
A,P200,43,200,400,12.0,0.12030075187969924,4.0,0.2403359377185284,0.15221348567604925,0.48127384420823754,0.017351534018273773,0.06628162429214239,0.15221348567604925,0,0.3028290258631421,1.1102230246251565e-15
A,P200,44,200,400,12.0,0.12030075187969924,4.0,0.18980523061929255,0.1441118182340498,0.3800858658847824,0.030630140410166175,0.0870259272936095,0.1441118182340498,0,0.3140266137753218,5.551115123125783e-16
A,P200,45,200,400,12.0,0.12030075187969924,4.0,0.22532742459307123,0.12286634285161596,0.45121922617521537,0.018576076791875496,0.06712400624776056,0.12286634285161596,0,0.3285893454312956,3.3306690738754696e-16
A,P200,46,200,400,12.0,0.12030075187969924,4.0,0.23170054853187502,0.12206185003402124,0.46398143679906245,0.017720194069682352,0.06670340671332105,0.12206185003402124,0,0.3365604565572695,7.771561172376096e-16
A,P200,47,200,400,12.0,0.12030075187969924,4.0,0.17521629408408054,0.13276995780704182,0.3508714519445979,0.02725809250318319,0.07759746046833482,0.13276995780704182,0,0.3186513620643996,1.7763568394002505e-15
A,P200,48,200,400,12.0,0.12030075187969924,4.0,0.27296808683624824,0.1452700378309378,0.5466198760990424,0.04876945209072083,0.11728185885489757,0.1452700378309378,0,0.35197987514503315,8.881784197001252e-16
A,P200,49,200,400,12.0,0.12030075187969924,4.0,0.2424274244244946,0.188924120565436,0.48546205616124827,0.03326554156164996,0.12243551404826183,0.188924120565436,0,0.33018450443497427,7.771561172376096e-16
A,P200,50,200,400,12.0,0.12030075187969924,4.0,0.2584916704919931,0.13826196082650483,0.5176307843697888,0.03379822756104805,0.08475679183428689,0.13826196082650483,0,0.321811313466138,1.3322676295501878e-15
A,P200,51,200,400,12.0,0.12030075187969924,4.0,0.2792564242205529,0.17363356101837404,0.5592123012492383,0.035435304622713895,0.1106949301994808,0.17363356101837404,0,0.3750877256781525,1.5543122344752192e-15
A,P200,52,200,400,12.0,0.12030075187969924,4.0,0.25718461013255267,0.1874640508919779,0.5150133898603715,0.02177385139886792,0.10032781422987737,0.1874640508919779,0,0.32423009485287146,8.881784197001252e-16
A,P200,53,200,400,12.0,0.12030075187969924,4.0,0.2098640979034913,0.13521586154648355,0.42025384184364767,0.029902460879130514,0.077672640548256,0.13521586154648355,0,0.35240490898275345,1.3322676295501878e-15
A,P200,54,200,400,12.0,0.12030075187969924,4.0,0.27981411990780436,0.15892604071035418,0.560329089482616,0.039676665761940684,0.10840690380880298,0.15892604071035418,0,0.3265599474675567,5.551115123125783e-16
A,P200,55,200,400,12.0,0.12030075187969924,4.0,0.26506948447174333,0.18238400668425153,0.5308028877621189,0.022300747490214354,0.11160516070164835,0.18238400668425153,0,0.31128971081754786,8.881784197001252e-16
A,P200,56,200,400,12.0,0.12030075187969924,4.0,0.20398572171306442,0.12623080961478253,0.40848236590989745,0.022109169106251058,0.07366906278565565,0.12623080961478253,0,0.34493463021033144,1.3322676295501878e-15
A,P200,57,200,400,12.0,0.12030075187969924,4.0,0.2284005760532934,0.11247539807095429,0.45737322640978484,0.02116221190571832,0.0642697088572052,0.11247539807095429,0,0.36981082968030465,8.881784197001252e-16
A,P200,58,200,400,12.0,0.12030075187969924,4.0,0.2589515868049175,0.18004172196957763,0.5185517689467788,0.02559940129059622,0.08931436564911287,0.18004172196957763,0,0.3138788247462231,1.1102230246251565e-15
A,P200,59,200,400,12.0,0.12030075187969924,4.0,0.22027934392513276,0.14041021212322646,0.4411104209253847,0.02739909875738397,0.08613596009980512,0.14041021212322646,0,0.3228311536318813,1.1102230246251565e-15
A,P200,60,200,400,12.0,0.12030075187969924,4.0,0.24597263126466826,0.15329657860422782,0.49256134951155006,0.029724527108794325,0.0814744959608245,0.15329657860422782,0,0.3102565533652316,7.771561172376096e-16
A,P200,61,200,400,12.0,0.12030075187969924,4.0,0.2019757420063758,0.13265897608737362,0.4044573721058019,0.027694440426509936,0.08232493448813061,0.13265897608737362,0,0.3288413793508811,7.771561172376096e-16
A,P400,42,400,400,12.0,0.12030075187969924,4.0,0.17650278236250638,0.08132750169551946,0.35344765076515033,0.014121510869235576,0.05321494339148596,0.08132750169551946,0,0.34655400544333925,0.0
A,P400,43,400,400,12.0,0.12030075187969924,4.0,0.20718027672666686,0.13340284784365,0.4148794773303783,0.01997757964469705,0.07452465730822296,0.13340284784365,0,0.3462422682528593,4.440892098500626e-16
A,P400,44,400,400,12.0,0.12030075187969924,4.0,0.198853063325595,0.08689569196186081,0.39820419337942026,0.017560061185914355,0.052240667771356344,0.08689569196186081,0,0.3363233230963887,1.5543122344752192e-15
A,P400,45,400,400,12.0,0.12030075187969924,4.0,0.17997419964350583,0.10490072001408096,0.3603991801765951,0.020950192499746806,0.06143284087838337,0.10490072001408096,0,0.3366445947348179,6.661338147750939e-16
A,P400,46,400,400,12.0,0.12030075187969924,4.0,0.1694613751162361,0.0713430234871117,0.33934719967898314,0.013268597988244632,0.04805676729599859,0.0713430234871117,0,0.3425652152596148,0.0
A,P400,47,400,400,12.0,0.12030075187969924,4.0,0.20749199427007478,0.07802419702502243,0.41550369317527935,0.014671412655331277,0.04680932368381136,0.07802419702502243,0,0.3419033230946873,6.661338147750939e-16
A,P400,48,400,400,12.0,0.12030075187969924,4.0,0.24311199853097706,0.125587767358327,0.48683291902512044,0.03365395346641604,0.07401569108371713,0.125587767358327,0,0.34113191002327115,3.3306690738754696e-16
A,P400,49,400,400,12.0,0.12030075187969924,4.0,0.18606750132969585,0.11422286181227011,0.3726010454251776,0.0189224449404796,0.0760460359854652,0.11422286181227011,0,0.33084877788110445,0.0
A,P400,50,400,400,12.0,0.12030075187969924,4.0,0.19333996115697763,0.09775742648297588,0.38716418039014067,0.012270026068378986,0.05050606793359789,0.09775742648297588,0,0.3572847691240453,4.440892098500626e-16
A,P400,51,400,400,12.0,0.12030075187969924,4.0,0.18898086772756964,0.10152532516773902,0.3784350753218381,0.015499233787698557,0.061704397223664255,0.10152532516773902,0,0.34965965146965106,6.661338147750939e-16
A,P400,52,400,400,12.0,0.12030075187969924,4.0,0.22226279153276512,0.11809088151544127,0.44508228407649136,0.017439211486589716,0.06574744599193491,0.11809088151544127,0,0.33613381502347883,6.661338147750939e-16
A,P400,53,400,400,12.0,0.12030075187969924,4.0,0.17911615224158123,0.06407609978452998,0.35868093622374614,0.01496906017218045,0.034049144545439065,0.06407609978452998,0,0.3476732817442576,8.881784197001252e-16
A,P400,54,400,400,12.0,0.12030075187969924,4.0,0.17191913891516022,0.09758199017171348,0.34426888323115074,0.020902370078543567,0.05959377115544518,0.09758199017171348,0,0.35940624903370066,6.661338147750939e-16
A,P400,55,400,400,12.0,0.12030075187969924,4.0,0.16600118216057155,0.11902611274903362,0.3324181470317453,0.02807831162992597,0.06042249174522504,0.11902611274903362,0,0.32863820745414574,6.661338147750939e-16
A,P400,56,400,400,12.0,0.12030075187969924,4.0,0.20513837829454795,0.08985037734744492,0.41079056612867715,0.009746467554272333,0.049614113117899504,0.08985037734744492,0,0.33196904309387887,6.661338147750939e-16
A,P400,57,400,400,12.0,0.12030075187969924,4.0,0.24319088824303076,0.11469371479253736,0.4869908960440756,0.029038849888189222,0.061569205580003304,0.11469371479253736,0,0.37219688479469837,1.1102230246251565e-16
A,P400,58,400,400,12.0,0.12030075187969924,4.0,0.1910867622728292,0.0969508820307486,0.38265213904071155,0.009697430137199651,0.04983586912095668,0.0969508820307486,0,0.3410229286761557,4.440892098500626e-16
A,P400,59,400,400,12.0,0.12030075187969924,4.0,0.18349853320512066,0.07811300806535885,0.36745667468853516,0.01304583543940716,0.044734480756770216,0.07811300806535885,0,0.34012281281740175,2.220446049250313e-16
A,P400,60,400,400,12.0,0.12030075187969924,4.0,0.17543619187615353,0.09802375101687272,0.35131179830614706,0.02509060497985076,0.05749306401733182,0.09802375101687272,0,0.32981752343596626,1.1102230246251565e-16
A,P400,61,400,400,12.0,0.12030075187969924,4.0,0.20958230807073,0.09826379601909783,0.4196895563798954,0.023810228164762585,0.05018837877387636,0.09826379601909783,0,0.34087648320625286,1.1102230246251565e-16
A,P800,42,800,400,12.0,0.12030075187969924,4.0,0.1925537768495077,0.06149252113355083,0.38558984262149876,0.007849551598102642,0.03652997319770786,0.06149252113355083,0,0.33619339443054674,6.661338147750939e-16
A,P800,43,800,400,12.0,0.12030075187969924,4.0,0.19857131947641068,0.07787802380452973,0.39763999999799693,0.014378527290544302,0.04886629303677345,0.07787802380452973,0,0.33058126726760273,1.1102230246251565e-16
A,P800,44,800,400,12.0,0.12030075187969924,4.0,0.1689051901225336,0.06086744516008587,0.3382334366165333,0.01738236939034843,0.036045928806278674,0.06086744516008587,0,0.33110624813036227,3.3306690738754696e-16
A,P800,45,800,400,12.0,0.12030075187969924,4.0,0.22597076497088672,0.10150248475795742,0.45250751830374536,0.020210828866897238,0.06291291951458045,0.10150248475795742,0,0.34467542408569096,0.0
A,P800,46,800,400,12.0,0.12030075187969924,4.0,0.22577791452716872,0.08990580450386612,0.45212133438432617,0.02312886921139545,0.06441111122959986,0.08990580450386612,0,0.3404449663503101,5.551115123125783e-16
A,P800,47,800,400,12.0,0.12030075187969924,4.0,0.18132080931232403,0.07088721883526843,0.3630957723638156,0.012938291100372616,0.03693040305352445,0.07088721883526843,0,0.3344792578553807,4.440892098500626e-16
A,P800,48,800,400,12.0,0.12030075187969924,4.0,0.20553180219671066,0.0809633768770987,0.41157839934078294,0.022880306633265988,0.0501052845174711,0.0809633768770987,0,0.33824370461593567,2.220446049250313e-16
A,P800,49,800,400,12.0,0.12030075187969924,4.0,0.1654688027704289,0.08507330747280072,0.3313520548022459,0.020356974573084545,0.0561645589768206,0.08507330747280072,0,0.33051467658133005,1.1102230246251565e-16
A,P800,50,800,400,12.0,0.12030075187969924,4.0,0.20141698788605358,0.0727041984867338,0.40333846435522824,0.015353992672549202,0.04192038917417291,0.0727041984867338,0,0.3616838773373794,0.0
A,P800,51,800,400,12.0,0.12030075187969924,4.0,0.19309592244441334,0.08872276407264915,0.38667549172191085,0.01429060322945407,0.04516695868906716,0.08872276407264915,0,0.3678638498532576,8.881784197001252e-16
A,P800,52,800,400,12.0,0.12030075187969924,4.0,0.18664907889235477,0.08058208781491108,0.37376565722623895,0.014275813414737687,0.04814393540790027,0.08058208781491108,0,0.33860878756489177,1.1102230246251565e-16
A,P800,53,800,400,12.0,0.12030075187969924,4.0,0.19741850911008363,0.05972959023601089,0.3953314918243459,0.014166114328109117,0.02941684451949606,0.05972959023601089,0,0.35370889116198156,1.1102230246251565e-15
A,P800,54,800,400,12.0,0.12030075187969924,4.0,0.20350083390167242,0.08330489280954542,0.4075113757899278,0.012325978946192449,0.04434603737397006,0.08330489280954542,0,0.34723292481005597,1.1102230246251565e-16
A,P800,55,800,400,12.0,0.12030075187969924,4.0,0.1860778180074298,0.0618650929163635,0.37262170462080035,0.0063104644370520465,0.03134182139854655,0.0618650929163635,0,0.33426940197601374,0.0
A,P800,56,800,400,12.0,0.12030075187969924,4.0,0.1865131656951726,0.0631402906541244,0.37349349041045826,0.006196219219829926,0.03497876714087324,0.0631402906541244,0,0.3446806382764306,0.0
A,P800,57,800,400,12.0,0.12030075187969924,4.0,0.220676232302607,0.08420618950448165,0.4419051917655755,0.02076774421926416,0.056784715831026344,0.08420618950448165,0,0.33723974173785054,2.220446049250313e-16
A,P800,58,800,400,12.0,0.12030075187969924,4.0,0.18487469882271776,0.06789101450320509,0.3702124528020183,0.012473572460868105,0.03327425750874799,0.06789101450320509,0,0.3408195336187224,1.2212453270876722e-15
A,P800,59,800,400,12.0,0.12030075187969924,4.0,0.17869373287711623,0.05606714407539511,0.35783503946218004,0.009885991747287819,0.03179908266704145,0.05606714407539511,0,0.35140763972571254,1.1102230246251565e-16
A,P800,60,800,400,12.0,0.12030075187969924,4.0,0.17763266634150532,0.0673854949504239,0.35571024874048507,0.011902200958831599,0.03478868642775383,0.0673854949504239,0,0.35090297149863414,0.0
A,P800,61,800,400,12.0,0.12030075187969924,4.0,0.17951386588889723,0.06736442974607368,0.3594773596706716,0.008718606386771037,0.034280760457070854,0.06736442974607368,0,0.34375785354336763,1.7763568394002505e-15
A,P1600,42,1600,400,12.0,0.12030075187969924,4.0,0.17730475149034164,0.04078811812010017,0.3550535977107196,0.008936623254511479,0.02191317832669989,0.04078811812010017,0,0.3522398054728495,4.551914400963142e-15
A,P1600,43,1600,400,12.0,0.12030075187969924,4.0,0.1914790596675261,0.07600823311139684,0.38343771641632557,0.02209785187193864,0.04628541263660317,0.07600823311139684,0,0.3484744182135845,5.10702591327572e-15
A,P1600,44,1600,400,12.0,0.12030075187969924,4.0,0.15773550338154207,0.051456079058718636,0.31586608645047304,0.015775829114347405,0.030066575101019472,0.051456079058718636,0,0.3329793776299286,5.10702591327572e-15
A,P1600,45,1600,400,12.0,0.12030075187969924,4.0,0.18395367828897974,0.04936273187637065,0.3683681048569101,0.01076860908618438,0.032877426127760644,0.04936273187637065,0,0.33564167420060453,4.6629367034256575e-15
A,P1600,46,1600,400,12.0,0.12030075187969924,4.0,0.19144966678065495,0.0502126804865594,0.38337885702229924,0.00974429796945475,0.029446497417857934,0.0502126804865594,0,0.3435065735521937,4.218847493575595e-15
A,P1600,47,1600,400,12.0,0.12030075187969924,4.0,0.1873267781264262,0.0761950783485565,0.3751227531258148,0.012676843613134129,0.039771054740263524,0.0761950783485565,0,0.34393641773211014,5.329070518200751e-15
A,P1600,48,1600,400,12.0,0.12030075187969924,4.0,0.19240655839316387,0.07353851275248109,0.3852950369711429,0.020748866605714986,0.04076652853626168,0.07353851275248109,0,0.3362144995506374,5.10702591327572e-15
A,P1600,49,1600,400,12.0,0.12030075187969924,4.0,0.18176101966269861,0.04283747286016284,0.36397729565823517,0.00617352978851045,0.022406561204432476,0.04283747286016284,0,0.33698817466333575,5.10702591327572e-15
A,P1600,50,1600,400,12.0,0.12030075187969924,4.0,0.1917980038738586,0.07284877523314645,0.38407640368767887,0.009397857775193391,0.035687130444183895,0.07284877523314645,0,0.3407663360721138,5.551115123125783e-15
A,P1600,51,1600,400,12.0,0.12030075187969924,4.0,0.17995610601305795,0.0642281091166403,0.3603629475966323,0.009166574216534579,0.03411845747081773,0.0642281091166403,0,0.33668734040940973,4.884981308350689e-15
A,P1600,52,1600,400,12.0,0.12030075187969924,4.0,0.1846628673682395,0.056308330538682845,0.3697882593193924,0.01113909013485926,0.03423610722722717,0.056308330538682845,0,0.33152947438340785,4.6629367034256575e-15
A,P1600,53,1600,400,12.0,0.12030075187969924,4.0,0.18926240692876353,0.03940615152421253,0.37899885889469936,0.007222681401853185,0.02323611816230675,0.03940615152421253,0,0.3447336903047915,4.884981308350689e-15
A,P1600,54,1600,400,12.0,0.12030075187969924,4.0,0.19327210797906602,0.058642730215217605,0.3870283040826468,0.008784779439857787,0.030252626988022252,0.058642730215217605,0,0.33876750247756926,4.3298697960381105e-15
A,P1600,55,1600,400,12.0,0.12030075187969924,4.0,0.19663782391851944,0.04315805185052123,0.39376816606113607,0.010213947682688301,0.02968229892436284,0.04315805185052123,0,0.3372959152389935,5.995204332975845e-15
A,P1600,56,1600,400,12.0,0.12030075187969924,4.0,0.2026363059062098,0.0490704119282364,0.4057801544180777,0.015717686373566762,0.03341039924261249,0.0490704119282364,0,0.3499646806760014,4.551914400963142e-15
A,P1600,57,1600,400,12.0,0.12030075187969924,4.0,0.1743424700280581,0.04615064986376359,0.34912161516781054,0.006716607557029334,0.02306278072040581,0.04615064986376359,0,0.3430074043434086,3.9968028886505635e-15
A,P1600,58,1600,400,12.0,0.12030075187969924,4.0,0.1644177551484322,0.06529457756036898,0.32924732700212517,0.01747176715460696,0.0374751607484345,0.06529457756036898,0,0.33614113087570585,4.3298697960381105e-15
A,P1600,59,1600,400,12.0,0.12030075187969924,4.0,0.17705497461645647,0.044616793218235,0.3545534183474909,0.0063204001715842974,0.02997560536432829,0.044616793218235,0,0.3472650934312951,4.440892098500626e-15
A,P1600,60,1600,400,12.0,0.12030075187969924,4.0,0.17089474194232757,0.04454550473511195,0.3422175234811667,0.013168134389873357,0.028453767247714805,0.04454550473511195,0,0.3342488089452732,4.440892098500626e-15
A,P1600,61,1600,400,12.0,0.12030075187969924,4.0,0.18823033982385345,0.04839437003928113,0.37693213966920147,0.007848127917227833,0.026895404481559436,0.04839437003928113,0,0.3462213040404538,4.884981308350689e-15
A,P3200,42,3200,400,12.0,0.12030075187969924,4.0,0.18509224255860568,0.04145423464288395,0.3706480851549992,0.00896768773728724,0.021875361880540845,0.04145423464288395,0,0.34200808746782996,4.773959005888173e-15
A,P3200,43,3200,400,12.0,0.12030075187969924,4.0,0.1968631645173836,0.04718065056379973,0.39421941166885116,0.01448337542697022,0.02952878451002345,0.04718065056379973,0,0.3396148478596115,5.662137425588298e-15
A,P3200,44,3200,400,12.0,0.12030075187969924,4.0,0.17913286829229794,0.03738118567120284,0.3587144101938265,0.005592856089508328,0.02200928916883637,0.03738118567120284,0,0.3492632744818437,5.218048215738236e-15
A,P3200,45,3200,400,12.0,0.12030075187969924,4.0,0.18537813539999878,0.040157273506779376,0.37122058691280974,0.0050620784102484075,0.022736306013477408,0.040157273506779376,0,0.3394638995169479,3.4416913763379853e-15
A,P3200,46,3200,400,12.0,0.12030075187969924,4.0,0.18119502040702026,0.03287789148924011,0.36284387949007835,0.00899664718703613,0.01965151039046394,0.03287789148924011,0,0.3470460134198693,4.440892098500626e-15
A,P3200,47,3200,400,12.0,0.12030075187969924,4.0,0.17607248219595026,0.02343022938510575,0.35258597266037833,0.0028056725201760628,0.015979245608865517,0.02343022938510575,0,0.3423296317360939,3.885780586188048e-15
A,P3200,48,3200,400,12.0,0.12030075187969924,4.0,0.1844333512082345,0.039284747245432135,0.3693286521308792,0.007634770353520613,0.021312140665571053,0.039284747245432135,0,0.3487422159811435,4.551914400963142e-15
A,P3200,49,3200,400,12.0,0.12030075187969924,4.0,0.176763558458658,0.04923090276616162,0.35396985612263415,0.008295622258894096,0.034881319123646115,0.04923090276616162,0,0.3389174220148634,4.6629367034256575e-15
A,P3200,50,3200,400,12.0,0.12030075187969924,4.0,0.16747507144431562,0.04126969901379241,0.33536961724572384,0.008799336159135295,0.018783466852511536,0.04126969901379241,0,0.3353782415489568,4.3298697960381105e-15
A,P3200,51,3200,400,12.0,0.12030075187969924,4.0,0.17800081576734164,0.03792906366655053,0.3564474696950258,0.004533122006229825,0.019255115211970014,0.03792906366655053,0,0.3420248127953738,4.884981308350689e-15
A,P3200,52,3200,400,12.0,0.12030075187969924,4.0,0.17410370846577258,0.048944632750215405,0.3486434940178022,0.01519298220930307,0.029483627663050932,0.048944632750215405,0,0.3399281976820282,4.6629367034256575e-15
A,P3200,53,3200,400,12.0,0.12030075187969924,4.0,0.1854922941749065,0.032652479277172804,0.3714491903957989,0.006534998646550062,0.017096643431594134,0.032652479277172804,0,0.34467625828608484,3.885780586188048e-15
A,P3200,54,3200,400,12.0,0.12030075187969924,4.0,0.19002448225206325,0.03917895666898116,0.3805249183092936,0.007116252550887543,0.022229148723662454,0.03917895666898116,0,0.3459957952095082,4.9960036108132044e-15
A,P3200,55,3200,400,12.0,0.12030075187969924,4.0,0.1780656804603752,0.040253280937637956,0.35657736154751357,0.008357218916149513,0.024599218963613462,0.040253280937637956,0,0.3445422113776154,3.4416913763379853e-15
A,P3200,56,3200,400,12.0,0.12030075187969924,4.0,0.1843350744460641,0.02712367352715333,0.36913185245299873,0.007456572913822606,0.016684339075424208,0.02712367352715333,0,0.34462436383750505,4.884981308350689e-15
A,P3200,57,3200,400,12.0,0.12030075187969924,4.0,0.1945500573563225,0.03668999997700291,0.389587403713498,0.01036043583057517,0.02324191334861316,0.03668999997700291,0,0.34724780846709835,4.218847493575595e-15
A,P3200,58,3200,400,12.0,0.12030075187969924,4.0,0.17123731291784136,0.04467624208256296,0.3429035234687873,0.007389355121555137,0.026096948523455336,0.04467624208256296,0,0.345969314491936,3.885780586188048e-15
A,P3200,59,3200,400,12.0,0.12030075187969924,4.0,0.18584324245954048,0.035844482684792324,0.37215196598428324,0.008450826561571685,0.0205453097200379,0.035844482684792324,0,0.33781184755111904,4.218847493575595e-15
A,P3200,60,3200,400,12.0,0.12030075187969924,4.0,0.1932253822028975,0.05324709746076612,0.386934735496385,0.013246315591929049,0.032303457438078644,0.05324709746076612,0,0.3451444250918657,4.6629367034256575e-15
A,P3200,61,3200,400,12.0,0.12030075187969924,4.0,0.17285346399302567,0.02992028248727487,0.34613987358836934,0.004439968521129572,0.01741157221894104,0.02992028248727487,0,0.3384515271311257,3.9968028886505635e-15
B,M100,42,400,100,2.977443609022556,0.12030075187969923,4.0,0.18429462648608508,0.08095870628804938,0.37044613753517497,0.019424349902203056,0.05545349088802093,0.08095870628804938,0,0.3436549220210664,1.1102230246251565e-16
B,M100,43,400,100,2.977443609022556,0.12030075187969923,4.0,0.2068122900708032,0.12487361094550578,0.41570834436302906,0.019045440607971222,0.06696167616438069,0.12487361094550578,0,0.34269131178320467,1.1102230246251565e-16
B,M100,44,400,100,2.977443609022556,0.12030075187969923,4.0,0.2107855186869233,0.09636047648092852,0.4236948343787705,0.0269681742360344,0.06032066579525985,0.09636047648092852,0,0.3339015851418098,6.661338147750939e-16
B,M100,45,400,100,2.977443609022556,0.12030075187969923,4.0,0.1914183861357736,0.10857647942300791,0.3847654332046843,0.028434134711378997,0.06586998691596176,0.10857647942300791,0,0.33477127990259803,4.440892098500626e-16
B,M100,46,400,100,2.977443609022556,0.12030075187969923,4.0,0.18088076887643909,0.07276536437367226,0.36358402554796565,0.0157431775395666,0.04785551647166441,0.07276536437367226,0,0.34123487706531475,6.661338147750939e-16
B,M100,47,400,100,2.977443609022556,0.12030075187969923,4.0,0.21904324150928967,0.08602509070980778,0.44029348178758493,0.020973451832719352,0.057162608033798315,0.08602509070980778,0,0.33997002329066006,8.881784197001252e-16
B,M100,48,400,100,2.977443609022556,0.12030075187969923,4.0,0.2547033909730182,0.13666305718463714,0.5119730792052702,0.03962953241305052,0.08208949199815407,0.13666305718463714,0,0.339363200696967,6.661338147750939e-16
B,M100,49,400,100,2.977443609022556,0.12030075187969923,4.0,0.1993014962004587,0.11483464767998376,0.40061108063840234,0.02564762996728868,0.07474459707217553,0.11483464767998376,0,0.3299077508204482,6.661338147750939e-16
B,M100,50,400,100,2.977443609022556,0.12030075187969923,4.0,0.2018390676671888,0.09798268129942278,0.40571179120437545,0.01786660828434039,0.05333877165495453,0.09798268129942278,0,0.3559807669531788,8.881784197001252e-16
B,M100,51,400,100,2.977443609022556,0.12030075187969923,4.0,0.1964184813515499,0.10098163568905578,0.394816002748188,0.016158254521865967,0.06143853727092027,0.10098163568905578,0,0.3475565307554208,6.661338147750939e-16
B,M100,52,400,100,2.977443609022556,0.12030075187969923,4.0,0.22913608684255446,0.11892165720904191,0.46058086423457206,0.021636945878217205,0.06428702553871148,0.11892165720904191,0,0.33380217320614436,2.220446049250313e-16
B,M100,53,400,100,2.977443609022556,0.12030075187969923,4.0,0.1844987292691818,0.05887539198766309,0.3708563995655987,0.011568945710144864,0.031091178428654092,0.05887539198766309,0,0.34460925463105196,2.220446049250313e-16
B,M100,54,400,100,2.977443609022556,0.12030075187969923,4.0,0.179088634053102,0.0940175993435815,0.35998169901297233,0.025814621538375448,0.057159404529387385,0.0940175993435815,0,0.3569181765766616,0.0
B,M100,55,400,100,2.977443609022556,0.12030075187969923,4.0,0.17378863838915123,0.11785869994008685,0.34932830688701155,0.03149900703395021,0.05887570644353226,0.11785869994008685,0,0.3254289768737948,4.440892098500626e-16
B,M100,56,400,100,2.977443609022556,0.12030075187969923,4.0,0.21657228050620858,0.09527102066276437,0.4353266632913302,0.009315513584335895,0.0560945977086895,0.09527102066276437,0,0.3308922604687693,4.440892098500626e-16
B,M100,57,400,100,2.977443609022556,0.12030075187969923,4.0,0.25310586141085095,0.12184304074619802,0.5087619239633251,0.03005982197829227,0.06880967963728228,0.12184304074619802,0,0.3705235234240961,6.661338147750939e-16
B,M100,58,400,100,2.977443609022556,0.12030075187969923,4.0,0.2032868062198315,0.09961893052536477,0.40862185518840455,0.01554308962108128,0.05267827043152894,0.09961893052536477,0,0.33893174575328344,2.220446049250313e-16
B,M100,59,400,100,2.977443609022556,0.12030075187969923,4.0,0.19442418997179425,0.07808448078829058,0.39080732624558817,0.011404429217638325,0.04793163627775788,0.07808448078829058,0,0.33912758938355836,2.220446049250313e-16
B,M100,60,400,100,2.977443609022556,0.12030075187969923,4.0,0.1901383352639684,0.10536774267314995,0.3821924341414448,0.03471034739471728,0.06356016747388119,0.10536774267314995,0,0.3281492554771407,2.220446049250313e-16
B,M100,61,400,100,2.977443609022556,0.12030075187969923,4.0,0.21498313960569754,0.09005527270404691,0.4321323698937529,0.017225442648401836,0.04868589708249882,0.09005527270404691,0,0.33800017471637234,2.220446049250313e-16
B,M200,42,400,200,5.984962406015037,0.12030075187969924,4.0,0.1784910393540594,0.08085700126747487,0.3578778946177729,0.015480603429573879,0.05371237386396025,0.08085700126747487,0,0.34536118555799555,3.3306690738754696e-16
B,M200,43,400,200,5.984962406015037,0.12030075187969924,4.0,0.2056100208851046,0.12919244591280296,0.4122519631964037,0.0188326519271889,0.07087110160809308,0.12919244591280296,0,0.3445794913497551,3.3306690738754696e-16
B,M200,44,400,200,5.984962406015037,0.12030075187969924,4.0,0.2027447468195017,0.09128161159408138,0.4065070347461479,0.020706549448515847,0.05529005884143405,0.09128161159408138,0,0.33553146796524635,1.3322676295501878e-15
B,M200,45,400,200,5.984962406015037,0.12030075187969924,4.0,0.18416567853133395,0.10741525475783018,0.3692556530129725,0.023377917396095602,0.06330332499634046,0.10741525475783018,0,0.3360906596754316,2.220446049250313e-16
B,M200,46,400,200,5.984962406015037,0.12030075187969924,4.0,0.17235522677454754,0.06995075152494684,0.34557547486789875,0.013210400336811538,0.046040003759029835,0.06995075152494684,0,0.342603437907846,2.220446049250313e-16
B,M200,47,400,200,5.984962406015037,0.12030075187969924,4.0,0.21043606158832445,0.07988443903072719,0.42192826567331415,0.01615008891178733,0.04981263888321469,0.07988443903072719,0,0.3419629648077067,2.220446049250313e-16
B,M200,48,400,200,5.984962406015037,0.12030075187969924,4.0,0.24699574059028223,0.1298546399480005,0.4952311104349982,0.03562005703840362,0.0769233657066072,0.1298546399480005,0,0.34037087075802963,3.3306690738754696e-16
B,M200,49,400,200,5.984962406015037,0.12030075187969924,4.0,0.18974192780197996,0.1134617846783668,0.3804361377928506,0.020580192197282812,0.07428673536737353,0.1134617846783668,0,0.3303752457368453,6.661338147750939e-16
B,M200,50,400,200,5.984962406015037,0.12030075187969924,4.0,0.19511153740928452,0.09736547984826537,0.39120230615702073,0.013708424386811038,0.05122269855023393,0.09736547984826537,0,0.3562376838019101,4.440892098500626e-16
B,M200,51,400,200,5.984962406015037,0.12030075187969924,4.0,0.1912957966658465,0.10138501790805861,0.3835516741218737,0.015153128666212021,0.06132184970675145,0.10138501790805861,0,0.34923178766535634,8.881784197001252e-16
B,M200,52,400,200,5.984962406015037,0.12030075187969924,4.0,0.22352529631775664,0.11711678580160824,0.4481724277560674,0.018202349123204224,0.06456122217125453,0.11711678580160824,0,0.33541163807659635,4.440892098500626e-16
B,M200,53,400,200,5.984962406015037,0.12030075187969924,4.0,0.17847591162689216,0.06129975805949617,0.3578475632399707,0.01316822370158184,0.03216345893173301,0.06129975805949617,0,0.34575702731667857,3.3306690738754696e-16
B,M200,54,400,200,5.984962406015037,0.12030075187969924,4.0,0.172701066071991,0.09472440564366677,0.34626888917089715,0.022208148832618044,0.057485787467924286,0.09472440564366677,0,0.3582277818969928,3.3306690738754696e-16
B,M200,55,400,200,5.984962406015037,0.12030075187969924,4.0,0.16687596034210497,0.11686249132127252,0.33458944250465683,0.028927627504605802,0.05861212699524423,0.11686249132127252,0,0.32702471580778225,8.881784197001252e-16
B,M200,56,400,200,5.984962406015037,0.12030075187969924,4.0,0.20783477137368578,0.09059046469060059,0.4167126298146532,0.008319861123488035,0.050733565885368107,0.09059046469060059,0,0.3313987985380378,6.661338147750939e-16
B,M200,57,400,200,5.984962406015037,0.12030075187969924,4.0,0.24569375670779098,0.11552693925426646,0.4926206082362409,0.02868481943362697,0.06317798325012389,0.11552693925426646,0,0.3711101433744278,4.440892098500626e-16
B,M200,58,400,200,5.984962406015037,0.12030075187969924,4.0,0.19460807496876056,0.09749237934873975,0.3901928544843436,0.011040210280644641,0.04968042891342541,0.09749237934873975,0,0.34047972489719214,8.881784197001252e-16
B,M200,59,400,200,5.984962406015037,0.12030075187969924,4.0,0.18698607275884915,0.07878309928786517,0.37491059654284387,0.011655732565583162,0.04586201686889484,0.07878309928786517,0,0.3398625243791221,2.220446049250313e-16
B,M200,60,400,200,5.984962406015037,0.12030075187969924,4.0,0.17972511517849196,0.09940694408929945,0.3603522398815178,0.028008634153526876,0.05852502855348494,0.09940694408929945,0,0.32870899484773486,4.440892098500626e-16
B,M200,61,400,200,5.984962406015037,0.12030075187969924,4.0,0.2112162722313814,0.09601205606695165,0.42349260270281475,0.021147623366774837,0.04932837137055109,0.09601205606695165,0,0.3400855549099341,2.220446049250313e-16
B,M400,42,400,400,12.0,0.12030075187969924,4.0,0.17650278236250638,0.08132750169551946,0.35344765076515033,0.014121510869235576,0.05321494339148596,0.08132750169551946,0,0.34655400544333925,0.0
B,M400,43,400,400,12.0,0.12030075187969924,4.0,0.20718027672666686,0.13340284784365,0.4148794773303783,0.01997757964469705,0.07452465730822296,0.13340284784365,0,0.3462422682528593,4.440892098500626e-16
B,M400,44,400,400,12.0,0.12030075187969924,4.0,0.198853063325595,0.08689569196186081,0.39820419337942026,0.017560061185914355,0.052240667771356344,0.08689569196186081,0,0.3363233230963887,1.5543122344752192e-15
B,M400,45,400,400,12.0,0.12030075187969924,4.0,0.17997419964350583,0.10490072001408096,0.3603991801765951,0.020950192499746806,0.06143284087838337,0.10490072001408096,0,0.3366445947348179,6.661338147750939e-16
B,M400,46,400,400,12.0,0.12030075187969924,4.0,0.1694613751162361,0.0713430234871117,0.33934719967898314,0.013268597988244632,0.04805676729599859,0.0713430234871117,0,0.3425652152596148,0.0
B,M400,47,400,400,12.0,0.12030075187969924,4.0,0.20749199427007478,0.07802419702502243,0.41550369317527935,0.014671412655331277,0.04680932368381136,0.07802419702502243,0,0.3419033230946873,6.661338147750939e-16
B,M400,48,400,400,12.0,0.12030075187969924,4.0,0.24311199853097706,0.125587767358327,0.48683291902512044,0.03365395346641604,0.07401569108371713,0.125587767358327,0,0.34113191002327115,3.3306690738754696e-16
B,M400,49,400,400,12.0,0.12030075187969924,4.0,0.18606750132969585,0.11422286181227011,0.3726010454251776,0.0189224449404796,0.0760460359854652,0.11422286181227011,0,0.33084877788110445,0.0
B,M400,50,400,400,12.0,0.12030075187969924,4.0,0.19333996115697763,0.09775742648297588,0.38716418039014067,0.012270026068378986,0.05050606793359789,0.09775742648297588,0,0.3572847691240453,4.440892098500626e-16
B,M400,51,400,400,12.0,0.12030075187969924,4.0,0.18898086772756964,0.10152532516773902,0.3784350753218381,0.015499233787698557,0.061704397223664255,0.10152532516773902,0,0.34965965146965106,6.661338147750939e-16
B,M400,52,400,400,12.0,0.12030075187969924,4.0,0.22226279153276512,0.11809088151544127,0.44508228407649136,0.017439211486589716,0.06574744599193491,0.11809088151544127,0,0.33613381502347883,6.661338147750939e-16
B,M400,53,400,400,12.0,0.12030075187969924,4.0,0.17911615224158123,0.06407609978452998,0.35868093622374614,0.01496906017218045,0.034049144545439065,0.06407609978452998,0,0.3476732817442576,8.881784197001252e-16
B,M400,54,400,400,12.0,0.12030075187969924,4.0,0.17191913891516022,0.09758199017171348,0.34426888323115074,0.020902370078543567,0.05959377115544518,0.09758199017171348,0,0.35940624903370066,6.661338147750939e-16
B,M400,55,400,400,12.0,0.12030075187969924,4.0,0.16600118216057155,0.11902611274903362,0.3324181470317453,0.02807831162992597,0.06042249174522504,0.11902611274903362,0,0.32863820745414574,6.661338147750939e-16
B,M400,56,400,400,12.0,0.12030075187969924,4.0,0.20513837829454795,0.08985037734744492,0.41079056612867715,0.009746467554272333,0.049614113117899504,0.08985037734744492,0,0.33196904309387887,6.661338147750939e-16
B,M400,57,400,400,12.0,0.12030075187969924,4.0,0.24319088824303076,0.11469371479253736,0.4869908960440756,0.029038849888189222,0.061569205580003304,0.11469371479253736,0,0.37219688479469837,1.1102230246251565e-16
B,M400,58,400,400,12.0,0.12030075187969924,4.0,0.1910867622728292,0.0969508820307486,0.38265213904071155,0.009697430137199651,0.04983586912095668,0.0969508820307486,0,0.3410229286761557,4.440892098500626e-16
B,M400,59,400,400,12.0,0.12030075187969924,4.0,0.18349853320512066,0.07811300806535885,0.36745667468853516,0.01304583543940716,0.044734480756770216,0.07811300806535885,0,0.34012281281740175,2.220446049250313e-16
B,M400,60,400,400,12.0,0.12030075187969924,4.0,0.17543619187615353,0.09802375101687272,0.35131179830614706,0.02509060497985076,0.05749306401733182,0.09802375101687272,0,0.32981752343596626,1.1102230246251565e-16
B,M400,61,400,400,12.0,0.12030075187969924,4.0,0.20958230807073,0.09826379601909783,0.4196895563798954,0.023810228164762585,0.05018837877387636,0.09826379601909783,0,0.34087648320625286,1.1102230246251565e-16
B,M800,42,400,800,24.030075187969924,0.12030075187969924,4.0,0.17565038431985994,0.08276504548631101,0.3515205376750656,0.01397680786850348,0.05398014522645282,0.08276504548631101,0,0.3471629059603619,1.1102230246251565e-16
B,M800,43,400,800,24.030075187969924,0.12030075187969924,4.0,0.20626905282755723,0.133315194557123,0.41279618394476414,0.02051365635725873,0.07510669081115952,0.133315194557123,0,0.3465642332867145,4.440892098500626e-16
B,M800,44,400,800,24.030075187969924,0.12030075187969924,4.0,0.1967876654576309,0.0855460101799509,0.3938215463481117,0.01616558742528076,0.05150021840496896,0.0855460101799509,0,0.3367006823187567,1.1102230246251565e-15
B,M800,45,400,800,24.030075187969924,0.12030075187969924,4.0,0.17849104673055624,0.10432226266666855,0.35720541665684424,0.01976467433949562,0.060698086455836,0.10432226266666855,0,0.3369135818287179,9.992007221626409e-16
B,M800,46,400,800,24.030075187969924,0.12030075187969924,4.0,0.16838407305359876,0.07149993960950239,0.33697882372937216,0.013341884757940787,0.048781758732628744,0.07149993960950239,0,0.3430423593351152,1.1102230246251565e-16
B,M800,47,400,800,24.030075187969924,0.12030075187969924,4.0,0.20584815908576692,0.07719248653089554,0.41195386985025717,0.014104419876771752,0.04569505131502247,0.07719248653089554,0,0.34226392958941343,1.1102230246251565e-16
B,M800,48,400,800,24.030075187969924,0.12030075187969924,4.0,0.24097144360810635,0.12371971534716769,0.48224438420361004,0.03270591593642112,0.07281811641261932,0.12371971534716769,0,0.3412940562332779,0.0
B,M800,49,400,800,24.030075187969924,0.12030075187969924,4.0,0.18447760971342206,0.11435826662785073,0.36918603284912377,0.018112084773448504,0.07664322901964674,0.11435826662785073,0,0.3311675617820131,6.661338147750939e-16
B,M800,50,400,800,24.030075187969924,0.12030075187969924,4.0,0.19265539109549087,0.09839600012869139,0.3855518274333201,0.011911833199475192,0.05077152330185646,0.09839600012869139,0,0.3576189215149599,8.881784197001252e-16
B,M800,51,400,800,24.030075187969924,0.12030075187969924,4.0,0.18800952170745747,0.10193306478432404,0.3762542758704626,0.016081881945808372,0.062344694092225934,0.10193306478432404,0,0.3501549662553146,3.3306690738754696e-16
B,M800,52,400,800,24.030075187969924,0.12030075187969924,4.0,0.22111721002867332,0.11690487052430078,0.44251107596182704,0.0171946415556998,0.06561623721861871,0.11690487052430078,0,0.33685389350689154,1.1102230246251565e-16
B,M800,53,400,800,24.030075187969924,0.12030075187969924,4.0,0.17924161098468344,0.06613516090311111,0.35870748425090093,0.01603470459621341,0.035416517225727216,0.06613516090311111,0,0.34856491673155576,6.661338147750939e-16
B,M800,54,400,800,24.030075187969924,0.12030075187969924,4.0,0.17098866705982105,0.09724407669633181,0.34219127053976606,0.020286204778664503,0.05974006005478796,0.09724407669633181,0,0.35990958779345983,1.5543122344752192e-15
B,M800,55,400,800,24.030075187969924,0.12030075187969924,4.0,0.16534108077994247,0.11919207567755606,0.3308890318719923,0.027571298354399087,0.061102062910556774,0.11919207567755606,0,0.32963092223541257,6.661338147750939e-16
B,M800,56,400,800,24.030075187969924,0.12030075187969924,4.0,0.2045305238111106,0.09105205646965528,0.40931695071113705,0.010793421524194515,0.05003256061014689,0.09105205646965528,0,0.3323454965160846,1.1102230246251565e-16
B,M800,57,400,800,24.030075187969924,0.12030075187969924,4.0,0.2420372303120664,0.11472681548292264,0.4843772910951813,0.029101897412473984,0.06113564277154319,0.11472681548292264,0,0.37232693512534865,1.7763568394002505e-15
B,M800,58,400,800,24.030075187969924,0.12030075187969924,4.0,0.1898081790308691,0.09789226990873455,0.37985384094893976,0.009499171310784354,0.0503455684031363,0.09789226990873455,0,0.34123615279251895,1.3322676295501878e-15
B,M800,59,400,800,24.030075187969924,0.12030075187969924,4.0,0.18201012988407894,0.07774271233810605,0.36424798594605756,0.013870012925705059,0.044581705499278125,0.07774271233810605,0,0.34054214737292077,4.440892098500626e-16
B,M800,60,400,800,24.030075187969924,0.12030075187969924,4.0,0.17340075582778633,0.09766135533571876,0.34701846601627073,0.023746792948804756,0.05718400193599913,0.09766135533571876,0,0.33022311258570936,2.220446049250313e-16
B,M800,61,400,800,24.030075187969924,0.12030075187969924,4.0,0.20933244192768866,0.10081404544441047,0.41892679497505486,0.025099144457552576,0.051459931850609805,0.10081404544441047,0,0.3410219598845404,4.440892098500626e-16
B,M1600,42,400,1600,48.09022556390977,0.12030075187969923,4.0,0.17515314327496878,0.0829938715928505,0.35041580860562277,0.013913844839611321,0.05419207575931322,0.0829938715928505,0,0.3474524165772016,4.440892098500626e-16
B,M1600,43,400,1600,48.09022556390977,0.12030075187969923,4.0,0.20663470641385195,0.13429172889101965,0.41339862008827144,0.020901676484886472,0.07594644242221442,0.13429172889101965,0,0.34694062441603546,1.1102230246251565e-16
B,M1600,44,400,1600,48.09022556390977,0.12030075187969923,4.0,0.19600513356708546,0.08476126313750044,0.3921328277959537,0.015514682471539578,0.05109410565249385,0.08476126313750044,0,0.3369151409860178,8.881784197001252e-16
B,M1600,45,400,1600,48.09022556390977,0.12030075187969923,4.0,0.17773532115306093,0.10421283528329241,0.3555817789798725,0.01932489926272651,0.06077560328195391,0.10421283528329241,0,0.3371084135478506,3.3306690738754696e-16
B,M1600,46,400,1600,48.09022556390977,0.12030075187969923,4.0,0.1680399560131155,0.07231728804695521,0.33618498625484994,0.013538796315269082,0.04958223944082817,0.07231728804695521,0,0.3431435992307731,1.2212453270876722e-15
B,M1600,47,400,1600,48.09022556390977,0.12030075187969923,4.0,0.2051491815473694,0.07675253702298179,0.4104266414668256,0.013931221620141107,0.04494897116257824,0.07675253702298179,0,0.34244105881884157,2.220446049250313e-15
B,M1600,48,400,1600,48.09022556390977,0.12030075187969923,4.0,0.23997262949188983,0.12278335899447126,0.4800953122183303,0.032312530002833906,0.07213600453178518,0.12278335899447126,0,0.3413862096866098,0.0
B,M1600,49,400,1600,48.09022556390977,0.12030075187969923,4.0,0.183953613216863,0.11491453148146635,0.3680222513627311,0.017831149003846358,0.0773902766633132,0.11491453148146635,0,0.33140917703850137,1.5543122344752192e-15
B,M1600,50,400,1600,48.09022556390977,0.12030075187969923,4.0,0.19251625279166446,0.09862009065762206,0.3851528846719614,0.011820136465914058,0.05081696886861851,0.09862009065762206,0,0.35805787646932674,4.440892098500626e-16
B,M1600,51,400,1600,48.09022556390977,0.12030075187969923,4.0,0.1875836613615275,0.10204583957885828,0.37528461749619535,0.016361972691209554,0.0625868893168509,0.10204583957885828,0,0.3503018494356428,3.3306690738754696e-16
B,M1600,52,400,1600,48.09022556390977,0.12030075187969923,4.0,0.22068558688600948,0.11681698824117995,0.4415091669514956,0.0171118984974962,0.06577555703643537,0.11681698824117995,0,0.337090542638698,1.1102230246251565e-15
B,M1600,53,400,1600,48.09022556390977,0.12030075187969923,4.0,0.1793522542361189,0.06714104874533093,0.358816656203123,0.01658111437637035,0.03597811479079205,0.06714104874533093,0,0.3489917511258823,4.440892098500626e-16
B,M1600,54,400,1600,48.09022556390977,0.12030075187969923,4.0,0.17057886859437874,0.09737701166942656,0.3412643989819494,0.020057957726423263,0.05996037618735635,0.09737701166942656,0,0.3601750817800915,1.2212453270876722e-15
B,M1600,55,400,1600,48.09022556390977,0.12030075187969923,4.0,0.16469290772815234,0.1191727102295054,0.32948879679865395,0.02747583626649045,0.061373809213657954,0.1191727102295054,0,0.32990697353235166,1.1102230246251565e-16
B,M1600,56,400,1600,48.09022556390977,0.12030075187969923,4.0,0.20395054404601945,0.09112329069099179,0.40802861696434106,0.011403816716724906,0.049958811011095686,0.09112329069099179,0,0.33237270541753894,2.220446049250313e-16
B,M1600,57,400,1600,48.09022556390977,0.12030075187969923,4.0,0.2414247504904475,0.11414043463196623,0.48300046221671755,0.02935112228095027,0.060656060052166755,0.11414043463196623,0,0.37257417787567393,0.0
B,M1600,58,400,1600,48.09022556390977,0.12030075187969923,4.0,0.18922612878566875,0.09804807029049052,0.3785705793680604,0.009425673601792518,0.050711330842311934,0.09804807029049052,0,0.3414321119136151,3.3306690738754696e-16
B,M1600,59,400,1600,48.09022556390977,0.12030075187969923,4.0,0.1815151766820757,0.07844669024964697,0.36314385355556433,0.01438975821104732,0.04475700220372356,0.07844669024964697,0,0.34077017943932864,1.5543122344752192e-15
B,M1600,60,400,1600,48.09022556390977,0.12030075187969923,4.0,0.1725877665846922,0.09747664903635393,0.3452834511126713,0.02309737715280643,0.05710844868160113,0.09747664903635393,0,0.3303918524025542,0.0
B,M1600,61,400,1600,48.09022556390977,0.12030075187969923,4.0,0.20897331802474006,0.101396342903858,0.41807730562780165,0.02579434728838001,0.05186879847534757,0.101396342903858,0,0.3412578346240184,1.1102230246251565e-16
C,s0.03,42,400,400,2.9924999999999997,0.029999999999999995,4.0,0.2721919038728312,0.22529333465247695,0.5450655660688457,0.017230521335005692,0.1269565832741636,0.22529333465247695,0,0.3418262485199375,1.3322676295501878e-15
C,s0.03,43,400,400,2.9924999999999997,0.029999999999999995,4.0,0.28114791769836633,0.23909344445720793,0.5630000258234474,0.02337026402716765,0.1468954955007437,0.23909344445720793,0,0.33776640834321514,3.3306690738754696e-16
C,s0.03,44,400,400,2.9924999999999997,0.029999999999999995,4.0,0.27938940628493114,0.2126697506236141,0.5594785984578107,0.018277624838056224,0.12377104754266985,0.2126697506236141,0,0.3334231051614659,3.3306690738754696e-16
C,s0.03,45,400,400,2.9924999999999997,0.029999999999999995,4.0,0.28533516292358446,0.24510175220916616,0.5713850040556394,0.022279938310237928,0.1356789136798927,0.24510175220916616,0,0.3321281409623864,1.1102230246251565e-15
C,s0.03,46,400,400,2.9924999999999997,0.029999999999999995,4.0,0.27448868381121017,0.22551652848310608,0.5496648786840842,0.015389290861323485,0.1475381176754628,0.22551652848310608,0,0.34128140321380585,6.661338147750939e-16
C,s0.03,47,400,400,2.9924999999999997,0.029999999999999995,4.0,0.2936744436292628,0.21954858249382644,0.5880844528407555,0.01676254068491642,0.13272444869315658,0.21954858249382644,0,0.3405203356662261,1.1102230246251565e-16
C,s0.03,48,400,400,2.9924999999999997,0.029999999999999995,4.0,0.3362607321118872,0.2685680132778141,0.6733636955672315,0.032838567848148044,0.16628261142338546,0.2685680132778141,0,0.333175068564197,4.440892098500626e-16
C,s0.03,49,400,400,2.9924999999999997,0.029999999999999995,4.0,0.28874954808346115,0.2536821338491267,0.5782223263766396,0.025527379176411437,0.14694706360107618,0.2536821338491267,0,0.3226719475412424,5.551115123125783e-16
C,s0.03,50,400,400,2.9924999999999997,0.029999999999999995,4.0,0.285649030671422,0.2349751732101924,0.572013525695011,0.015210085650673376,0.13932678079654895,0.2349751732101924,0,0.35230222800698585,1.1102230246251565e-16
C,s0.03,51,400,400,2.9924999999999997,0.029999999999999995,4.0,0.26939496926548784,0.2169086590809192,0.5394646913796358,0.017953412543391382,0.13366876220839724,0.2169086590809192,0,0.3446180888516902,8.881784197001252e-16
C,s0.03,52,400,400,2.9924999999999997,0.029999999999999995,4.0,0.2948877974485687,0.2329510561621727,0.5905141995633867,0.01913756416526198,0.12550689876542587,0.2329510561621727,0,0.32859466608402266,1.1102230246251565e-15
C,s0.03,53,400,400,2.9924999999999997,0.029999999999999995,4.0,0.2573468452212952,0.2078453984897914,0.5153382663876432,0.020054167279126397,0.12383420892612429,0.2078453984897914,0,0.33702752431567096,0.0
C,s0.03,54,400,400,2.9924999999999997,0.029999999999999995,4.0,0.2514748246369364,0.21452417170953528,0.5035795175848986,0.024706688519313968,0.1282817286505738,0.21452417170953528,0,0.3534784403211759,2.220446049250313e-16
C,s0.03,55,400,400,2.9924999999999997,0.029999999999999995,4.0,0.2814618447676215,0.2649949846095999,0.5636286662542364,0.035070728649222054,0.13744511564692025,0.2649949846095999,0,0.31902874838854567,8.881784197001252e-16
C,s0.03,56,400,400,2.9924999999999997,0.029999999999999995,4.0,0.28687839001347126,0.2197638194697834,0.5744753235521184,0.012564888926900872,0.1208189467462066,0.2197638194697834,0,0.32613717056527447,4.440892098500626e-16
C,s0.03,57,400,400,2.9924999999999997,0.029999999999999995,4.0,0.3200718155797927,0.24081510227909383,0.6409453141677246,0.027775565705933196,0.13259900631313407,0.24081510227909383,0,0.3662114821627728,8.881784197001252e-16
C,s0.03,58,400,400,2.9924999999999997,0.029999999999999995,4.0,0.278597327221225,0.23204552369900414,0.5578924564121163,0.017196387564638753,0.13417608286661772,0.23204552369900414,0,0.33500378989434876,6.661338147750939e-16
C,s0.03,59,400,400,2.9924999999999997,0.029999999999999995,4.0,0.26145369672538876,0.20083337701064027,0.523562255815651,0.015136698454934506,0.11421246329119634,0.20083337701064027,0,0.33873442209067095,2.220446049250313e-16
C,s0.03,60,400,400,2.9924999999999997,0.029999999999999995,4.0,0.26255395873259924,0.22229781075384242,0.5257655356533364,0.029226642266052726,0.13061100333378672,0.22229781075384242,0,0.3242854381300806,6.661338147750939e-16
C,s0.03,61,400,400,2.9924999999999997,0.029999999999999995,4.0,0.2817302883483756,0.21090748378991037,0.5641662257856531,0.024075226146613938,0.12112914457452563,0.21090748378991037,0,0.33919285936046795,6.661338147750939e-16
C,s0.06,42,400,400,5.984999999999999,0.05999999999999999,4.0,0.21080242033915778,0.14310643905476095,0.42213283692863957,0.01593191801654665,0.08389801176581797,0.14310643905476095,0,0.34353617722413166,2.220446049250313e-16
C,s0.06,43,400,400,5.984999999999999,0.05999999999999999,4.0,0.23803653264556277,0.1874949457970735,0.47666927474865817,0.023119398162621093,0.11047507096782927,0.1874949457970735,0,0.3379017814427854,8.881784197001252e-16
C,s0.06,44,400,400,5.984999999999999,0.05999999999999999,4.0,0.22687975759348092,0.13847000011601243,0.45432778030028953,0.01821755581100677,0.08047757237817567,0.13847000011601243,0,0.3345080143033745,8.881784197001252e-16
C,s0.06,45,400,400,5.984999999999999,0.05999999999999999,4.0,0.2236872438043373,0.16865712540092168,0.44793475644137576,0.0214269446578058,0.09449841237432657,0.16865712540092168,0,0.3340798663342269,2.220446049250313e-16
C,s0.06,46,400,400,5.984999999999999,0.05999999999999999,4.0,0.20542804272362866,0.13386068503675053,0.4113706205085482,0.014316105733518101,0.08840912918836806,0.13386068503675053,0,0.34156539909454486,1.1102230246251565e-16
C,s0.06,47,400,400,5.984999999999999,0.05999999999999999,4.0,0.22985987667329533,0.12396115432409413,0.46029548275609256,0.015659676271637286,0.07529142340686384,0.12396115432409413,0,0.340671111960568,1.3322676295501878e-15
C,s0.06,48,400,400,5.984999999999999,0.05999999999999999,4.0,0.2778123592199028,0.18647061857360323,0.5563205543022487,0.03365456517562901,0.11536662141795771,0.18647061857360323,0,0.33699260860638347,2.220446049250313e-16
C,s0.06,49,400,400,5.984999999999999,0.05999999999999999,4.0,0.22470639750514915,0.1774170646385798,0.44997561651450896,0.024310700756714633,0.11151778598577616,0.1774170646385798,0,0.3249183544058529,2.220446049250313e-16
C,s0.06,50,400,400,5.984999999999999,0.05999999999999999,4.0,0.2286523670983082,0.16097225474948845,0.4578774391601617,0.014390507079469175,0.0882511309223883,0.16097225474948845,0,0.3537095161773973,2.220446049250313e-16
C,s0.06,51,400,400,5.984999999999999,0.05999999999999999,4.0,0.2186866702136543,0.1478434444161259,0.4379210843369035,0.01703983697280566,0.0907254429313689,0.1478434444161259,0,0.3475862065515525,2.220446049250313e-16
C,s0.06,52,400,400,5.984999999999999,0.05999999999999999,4.0,0.2509342268731649,0.17152731189389353,0.5024969680236033,0.018620798320124168,0.09386944676998141,0.17152731189389353,0,0.3308004592627971,8.881784197001252e-16
C,s0.06,53,400,400,5.984999999999999,0.05999999999999999,4.0,0.20220314298854827,0.12633461251581368,0.40491274364077,0.017307912845250958,0.07535117437338616,0.12633461251581368,0,0.3413447978280255,6.661338147750939e-16
C,s0.06,54,400,400,5.984999999999999,0.05999999999999999,4.0,0.19504182536325052,0.1425840117601816,0.3905721714573468,0.02353553463708151,0.08778374155532197,0.1425840117601816,0,0.35556129880089204,0.0
C,s0.06,55,400,400,5.984999999999999,0.05999999999999999,4.0,0.21780875231615648,0.1914617730223799,0.4361630496233318,0.03227031164342795,0.09626199098766035,0.1914617730223799,0,0.3235020820966108,2.220446049250313e-16
C,s0.06,56,400,400,5.984999999999999,0.05999999999999999,4.0,0.23725299687048967,0.15022338720225967,0.47510024067858186,0.01142950483718749,0.08326890412884329,0.15022338720225967,0,0.3283824926683503,1.3322676295501878e-15
C,s0.06,57,400,400,5.984999999999999,0.05999999999999999,4.0,0.27177410618056497,0.1695802410254408,0.5442289242275667,0.028202073251646163,0.09287108698874451,0.1695802410254408,0,0.3686985462178646,8.881784197001252e-16
C,s0.06,58,400,400,5.984999999999999,0.05999999999999999,4.0,0.22937792905783558,0.16527673725121886,0.45933038039228813,0.01423634723705978,0.0915164981960371,0.16527673725121886,0,0.3381515198095061,2.220446049250313e-16
C,s0.06,59,400,400,5.984999999999999,0.05999999999999999,4.0,0.20893199819471123,0.1266015199129515,0.4183873077984756,0.014338931967772073,0.07239357879673175,0.1266015199129515,0,0.33965486781795684,6.661338147750939e-16
C,s0.06,60,400,400,5.984999999999999,0.05999999999999999,4.0,0.19948036141592115,0.14357553053808472,0.3994603607518976,0.028126848756135348,0.08186362741095654,0.14357553053808472,0,0.32592946676537693,8.881784197001252e-16
C,s0.06,61,400,400,5.984999999999999,0.05999999999999999,4.0,0.2338933777502996,0.1413345817546801,0.46837258760930595,0.023919388274057835,0.0752956068413745,0.1413345817546801,0,0.3405079519964517,8.881784197001252e-16
C,s0.12,42,400,400,11.969999999999999,0.11999999999999998,4.0,0.17656088103998863,0.08150957736258439,0.3535639936397147,0.014133166677344575,0.05330867611070876,0.08150957736258439,0,0.3465313774225619,3.3306690738754696e-16
C,s0.12,43,400,400,11.969999999999999,0.11999999999999998,4.0,0.20726140725000902,0.13360538931550145,0.4150419415844643,0.019991263894872012,0.07464900749084141,0.13360538931550145,0,0.34619794804574333,8.881784197001252e-16
C,s0.12,44,400,400,11.969999999999999,0.11999999999999998,4.0,0.19890791298271915,0.08705335007076691,0.39831403007545596,0.017565449971235176,0.0523273146271694,0.08705335007076691,0,0.3363078682504642,1.5543122344752192e-15
C,s0.12,45,400,400,11.969999999999999,0.11999999999999998,4.0,0.18007818220870309,0.10509445372160718,0.3606074057518386,0.020957250418998395,0.061531824066111254,0.10509445372160718,0,0.3366267579464334,1.1102230246251565e-15
C,s0.12,46,400,400,11.969999999999999,0.11999999999999998,4.0,0.16952954849522453,0.07150593758692067,0.33948371719063736,0.013275877679014688,0.048174249031239166,0.07150593758692067,0,0.3425558039309894,1.1102230246251565e-15
C,s0.12,47,400,400,11.969999999999999,0.11999999999999998,4.0,0.2075270722195223,0.0781247483353933,0.41557393693381917,0.014671346807483516,0.046874967803794194,0.0781247483353933,0,0.34188848224659185,1.3322676295501878e-15
C,s0.12,48,400,400,11.969999999999999,0.11999999999999998,4.0,0.2431996823019982,0.125767214742241,0.4870085061884661,0.03365882760197869,0.07413318378128775,0.125767214742241,0,0.34111168505500955,1.1102230246251565e-16
C,s0.12,49,400,400,11.969999999999999,0.11999999999999998,4.0,0.18614626661769865,0.1144264044433283,0.3727587732843864,0.01895380347375353,0.07618029845302021,0.1144264044433283,0,0.33081499350937593,3.3306690738754696e-16
C,s0.12,50,400,400,11.969999999999999,0.11999999999999998,4.0,0.19342744238700463,0.0979850216211849,0.38733936196419416,0.012278178878470278,0.05063826761172754,0.0979850216211849,0,0.35726544999746734,1.1102230246251565e-15
C,s0.12,51,400,400,11.969999999999999,0.11999999999999998,4.0,0.1890625564405445,0.10167011992572371,0.37859865735328563,0.015509467235962667,0.0618006900905435,0.10167011992572371,0,0.3496533892913565,0.0
C,s0.12,52,400,400,11.969999999999999,0.11999999999999998,4.0,0.22232430166206424,0.11826576496386607,0.4452054583993435,0.017440837269809994,0.0658484717004429,0.11826576496386607,0,0.3361037463576704,6.661338147750939e-16
C,s0.12,53,400,400,11.969999999999999,0.11999999999999998,4.0,0.17912276351198983,0.06417849894238982,0.35869417532379444,0.014971608883380248,0.034117327640918176,0.06417849894238982,0,0.3476482350768567,0.0
C,s0.12,54,400,400,11.969999999999999,0.11999999999999998,4.0,0.1719505129512097,0.09769382089842416,0.34433170988571266,0.02091356392374055,0.059665811146397164,0.09769382089842416,0,0.35939456242929146,6.661338147750939e-16
C,s0.12,55,400,400,11.969999999999999,0.11999999999999998,4.0,0.16614746978468115,0.11927624069317047,0.3327110886861798,0.02809671780120996,0.060532717342055904,0.11927624069317047,0,0.32862072230500805,4.440892098500626e-16
C,s0.12,56,400,400,11.969999999999999,0.11999999999999998,4.0,0.20523252332544106,0.0900742981657267,0.41097909199526683,0.009752135904269045,0.04974071699883485,0.0900742981657267,0,0.3319555171730041,1.3322676295501878e-15
C,s0.12,57,400,400,11.969999999999999,0.11999999999999998,4.0,0.24328102179804986,0.11489490082482319,0.4871713889113845,0.02903631033642904,0.061674848901160616,0.11489490082482319,0,0.3721850232745898,1.1102230246251565e-15
C,s0.12,58,400,400,11.969999999999999,0.11999999999999998,4.0,0.19118838200188717,0.09720256233455195,0.3828556330254872,0.009718637696133731,0.04997850837272696,0.09720256233455195,0,0.34100842793669317,2.220446049250313e-16
C,s0.12,59,400,400,11.969999999999999,0.11999999999999998,4.0,0.18355033631252923,0.07825744561790991,0.36756041065445494,0.013053723703766406,0.04481869947826206,0.07825744561790991,0,0.3401141675658349,2.220446049250313e-16
C,s0.12,60,400,400,11.969999999999999,0.11999999999999998,4.0,0.17547816825021734,0.09815874593009387,0.3513958561923849,0.025106527004554357,0.05755785166787505,0.09815874593009387,0,0.32979642929969255,0.0
C,s0.12,61,400,400,11.969999999999999,0.11999999999999998,4.0,0.2096210501964862,0.09837913545672007,0.41976713766870505,0.023808507407446503,0.0502505331721204,0.09837913545672007,0,0.34085477833895494,1.1102230246251565e-16
C,s0.24,42,400,400,23.939999999999998,0.23999999999999996,4.0,0.18285985844598612,0.049826968186374915,0.3661777254833296,0.012695322637855066,0.028495008355563643,0.049826968186374915,0,0.3582551008327308,4.440892098500626e-16
C,s0.24,43,400,400,23.939999999999998,0.23999999999999996,4.0,0.19552971847961373,0.0813225487933546,0.39154917971463815,0.018505403555674784,0.042696722777414924,0.0813225487933546,0,0.3606095995146782,2.220446049250313e-16
C,s0.24,44,400,400,23.939999999999998,0.23999999999999996,4.0,0.1980090907614939,0.05278622556586682,0.3965141343554264,0.017792614651124836,0.034782048131594946,0.05278622556586682,0,0.3456524522244573,1.1102230246251565e-15
C,s0.24,45,400,400,23.939999999999998,0.23999999999999996,4.0,0.17320638404154556,0.06231804575161761,0.3468465976432972,0.015226445974416318,0.03628990968630041,0.06231804575161761,0,0.3477252016131598,1.1102230246251565e-15
C,s0.24,46,400,400,23.939999999999998,0.23999999999999996,4.0,0.17299243825694188,0.04292071457234985,0.34641817020466353,0.008388190829042175,0.022230808646392985,0.04292071457234985,0,0.35148957563922245,6.661338147750939e-16
C,s0.24,47,400,400,23.939999999999998,0.23999999999999996,4.0,0.20526970947513346,0.054358501482120285,0.4110535574346999,0.017315485756427978,0.03135419064137239,0.054358501482120285,0,0.35130266628746043,2.220446049250313e-16
C,s0.24,48,400,400,23.939999999999998,0.23999999999999996,4.0,0.23122388846028571,0.09218022896179215,0.46302692276669566,0.03337024201142019,0.05343966132667615,0.09218022896179215,0,0.35078803852948137,1.5543122344752192e-15
C,s0.24,49,400,400,23.939999999999998,0.23999999999999996,4.0,0.18139661621264855,0.05681599793342074,0.36324757603780233,0.008507967824634047,0.036145110939390296,0.05681599793342074,0,0.34576967213031595,1.1102230246251565e-16
C,s0.24,50,400,400,23.939999999999998,0.23999999999999996,4.0,0.18916541655574556,0.056851713591653745,0.37880463521713925,0.013101780997549122,0.023969208947908636,0.056851713591653745,0,0.36456654331584903,6.661338147750939e-16
C,s0.24,51,400,400,23.939999999999998,0.23999999999999996,4.0,0.1797462673449638,0.06529224342966797,0.3599427446781013,0.010805741180496802,0.034573198999232745,0.06529224342966797,0,0.3557334216217918,0.0
C,s0.24,52,400,400,23.939999999999998,0.23999999999999996,4.0,0.21752341932274516,0.07700405480516076,0.4355916689637347,0.020942034852626457,0.043259906100528774,0.07700405480516076,0,0.34803372646943453,2.220446049250313e-16
C,s0.24,53,400,400,23.939999999999998,0.23999999999999996,4.0,0.18901498831430033,0.05411805674732609,0.37850340195704046,0.01654019914539984,0.02664124551007152,0.05411805674732609,0,0.3576151355684051,1.1102230246251565e-15
C,s0.24,54,400,400,23.939999999999998,0.23999999999999996,4.0,0.17946156236640337,0.07381915964856846,0.359372621621193,0.017015796316492235,0.03902443082199431,0.07381915964856846,0,0.3676438421304242,1.1102230246251565e-16
C,s0.24,55,400,400,23.939999999999998,0.23999999999999996,4.0,0.15103078384087787,0.05979884943080906,0.3024398540763008,0.018923125173165602,0.032651051773493624,0.05979884943080906,0,0.33700587334502685,4.440892098500626e-16
C,s0.24,56,400,400,23.939999999999998,0.23999999999999996,4.0,0.19562928349178452,0.039992219148905564,0.39174855911919554,0.011358762201699932,0.024309979766321363,0.039992219148905564,0,0.34192233430470875,1.1102230246251565e-16
C,s0.24,57,400,400,23.939999999999998,0.23999999999999996,4.0,0.23123584277984502,0.07094189169864301,0.4630508613477661,0.03364706370677612,0.04051507209450733,0.07094189169864301,0,0.3761111727587986,6.661338147750939e-16
C,s0.24,58,400,400,23.939999999999998,0.23999999999999996,4.0,0.18219905860591207,0.039952294291111225,0.3648544706996148,0.004563148029956214,0.01923269857607596,0.039952294291111225,0,0.3473599642461612,1.1102230246251565e-16
C,s0.24,59,400,400,23.939999999999998,0.23999999999999996,4.0,0.18312856097582647,0.047010170281664855,0.3667158035615078,0.009606411305876085,0.028213346888393883,0.047010170281664855,0,0.3468082757871922,1.3322676295501878e-15
C,s0.24,60,400,400,23.939999999999998,0.23999999999999996,4.0,0.1754995267940698,0.06257579172819348,0.35143862677677673,0.01837067112428952,0.039560295831097436,0.06257579172819348,0,0.34011107852341704,4.440892098500626e-16
C,s0.24,61,400,400,23.939999999999998,0.23999999999999996,4.0,0.21361061308520235,0.07827558463572167,0.42775625609348117,0.027161023175113885,0.03971990215165371,0.07827558463572167,0,0.3550312501430636,4.440892098500626e-16
C,s0.48,42,400,400,47.879999999999995,0.4799999999999999,4.0,0.23917693865593478,0.08681001873462169,0.47895294314124254,0.04333631829247614,0.03724748776744615,0.08681001873462169,0,0.3987673141383611,3.3306690738754696e-16
C,s0.48,43,400,400,47.879999999999995,0.4799999999999999,4.0,0.24500262135112333,0.0973275462925285,0.4906189001032614,0.04733870709498528,0.04077385375959367,0.0973275462925285,0,0.4052222995568402,6.661338147750939e-16
C,s0.48,44,400,400,47.879999999999995,0.4799999999999999,4.0,0.23553155777883192,0.07240976381535069,0.47165305081144365,0.039497326535661105,0.04065799632813586,0.07240976381535069,0,0.38260782313198427,1.1102230246251565e-16
C,s0.48,45,400,400,47.879999999999995,0.4799999999999999,4.0,0.22891960355941346,0.07821316727169296,0.4584125814288114,0.03722477507976849,0.03262229828922701,0.07821316727169296,0,0.39172921408522277,6.661338147750939e-16
C,s0.48,46,400,400,47.879999999999995,0.4799999999999999,4.0,0.22938399229806003,0.07487170160585711,0.45934252205931836,0.03676916963757576,0.031471968670952026,0.07487170160585711,0,0.3909863863508489,6.661338147750939e-16
C,s0.48,47,400,400,47.879999999999995,0.4799999999999999,4.0,0.24671193775309672,0.08367162011922906,0.49404181422736293,0.04675901845495648,0.04401089328899032,0.08367162011922906,0,0.39417424447924376,4.440892098500626e-16
C,s0.48,48,400,400,47.879999999999995,0.4799999999999999,4.0,0.25672158207362894,0.09992121422356409,0.5140861739974012,0.05219455477361429,0.056345064861279985,0.09992121422356409,0,0.38986505494875234,2.220446049250313e-16
C,s0.48,49,400,400,47.879999999999995,0.4799999999999999,4.0,0.22697744101132367,0.06744789636019508,0.45452339180336665,0.03491214330105462,0.03216237938154002,0.06744789636019508,0,0.3835744042879464,1.1102230246251565e-16
C,s0.48,50,400,400,47.879999999999995,0.4799999999999999,4.0,0.23805093040244182,0.08579137225807533,0.4766981063244389,0.04226184388042035,0.0356625160713804,0.08579137225807533,0,0.39969067525782653,3.3306690738754696e-16
C,s0.48,51,400,400,47.879999999999995,0.4799999999999999,4.0,0.22793691653998877,0.076285175102486,0.4564447460564504,0.0357500794436642,0.030626520326408897,0.076285175102486,0,0.39258170474078813,1.1102230246251565e-16
C,s0.48,52,400,400,47.879999999999995,0.4799999999999999,4.0,0.2467739583022199,0.08252906039580102,0.49416601066831034,0.045381801362239134,0.04720900176238161,0.08252906039580102,0,0.3856224966230458,1.1102230246251565e-16
C,s0.48,53,400,400,47.879999999999995,0.4799999999999999,4.0,0.23764891925461257,0.08513582366304152,0.475893077112549,0.04210060723276662,0.039214430651518785,0.08513582366304152,0,0.3942762226457792,2.220446049250313e-16
C,s0.48,54,400,400,47.879999999999995,0.4799999999999999,4.0,0.23794578785185796,0.09541343709208155,0.47648755787301006,0.042922466038317286,0.03703587088981289,0.09541343709208155,0,0.40482063696217585,2.220446049250313e-16
C,s0.48,55,400,400,47.879999999999995,0.4799999999999999,4.0,0.20509168201286748,0.05490385200209568,0.4106970566052661,0.022241938649114067,0.022094310129325685,0.05490385200209568,0,0.37326482798555416,2.220446049250313e-16
C,s0.48,56,400,400,47.879999999999995,0.4799999999999999,4.0,0.23853039673283746,0.07268952061074659,0.47765823990324713,0.04088738358005837,0.04071161534595978,0.07268952061074659,0,0.384679835338522,1.1102230246251565e-16
C,s0.48,57,400,400,47.879999999999995,0.4799999999999999,4.0,0.2702051808530079,0.10820069104013809,0.5410871438894412,0.06247986961197087,0.05678892810907832,0.10820069104013809,0,0.4131534502113533,1.1102230246251565e-16
C,s0.48,58,400,400,47.879999999999995,0.4799999999999999,4.0,0.22395491330849768,0.06062173602188692,0.44847076588077744,0.03242100508941736,0.029962548627059556,0.06062173602188692,0,0.38059459955165964,6.661338147750939e-16
C,s0.48,59,400,400,47.879999999999995,0.4799999999999999,4.0,0.22590904652151608,0.06301534924097707,0.4523839268189714,0.03342760448937349,0.03272705689798413,0.06301534924097707,0,0.38154238366115834,5.551115123125783e-16
C,s0.48,60,400,400,47.879999999999995,0.4799999999999999,4.0,0.2215049688337597,0.0655591850244629,0.44356474056202216,0.03221453956617219,0.03389047936420015,0.0655591850244629,0,0.37895054443910725,2.220446049250313e-16
C,s0.48,61,400,400,47.879999999999995,0.4799999999999999,4.0,0.25592711612278723,0.1017916120294314,0.512495252199006,0.053036259130467195,0.05151189450899447,0.1017916120294314,0,0.39962080586630866,8.881784197001252e-16
